<?xml version="1.0" encoding="UTF-8"?>
<beans xmlns="http://www.springframework.org/schema/beans"
	xmlns:xsi="http://www.w3.org/2001/XMLSchema-instance"
	xmlns:p="http://www.springframework.org/schema/p"
	xsi:schemaLocation="http://www.springframework.org/schema/beans
 http://www.springframework.org/schema/beans/spring-beans.xsd">

	<bean class="spring.B" name="refb">
		<property name="y" value="10"></property>
		
	</bean>

	<bean class="spring.A" name="refa">
		<property name="x" value="11"></property>
		<property name="b" ref="refb"></property>
	</bean>
</beans>