<?xml version="1.0" encoding="UTF-8"?>
<beans xmlns="http://www.springframework.org/schema/beans"
	xmlns:xsi="http://www.w3.org/2001/XMLSchema-instance"
	xmlns:p="http://www.springframework.org/schema/p"
	xsi:schemaLocation="http://www.springframework.org/schema/beans
 http://www.springframework.org/schema/beans/spring-beans.xsd">
	<bean class="springfirstapp.Employee" name="employee">
		<!-- <property name="name" > <value>Yogesh</value> </property> -->
		<property name="name" value="Yogesh" />
		<property name="email" value="yosahu22@gmail.com" />
	</bean>
	<bean class="springfirstapp.Employee" name="employee1">
		<property name="name" value="vishnu" />
		<property name="email" value="vishnu@gmail.com" />
	</bean>
<bean class="springfirstapp.Employee" name="employee2" p:name="bittu" p:email="bittu@gamil.com"/>

</beans>