
<beans xmlns = "http://www.springframework.org/schema/beans"
   xmlns:xsi = "http://www.w3.org/2001/XMLSchema-instance"
   xmlns:context = "http://www.springframework.org/schema/context"
   xsi:schemaLocation = "http://www.springframework.org/schema/beans
   http://www.springframework.org/schema/beans/spring-beans-3.0.xsd
   http://www.springframework.org/schema/context
   http://www.springframework.org/schema/context/spring-context-3.0.xsd">

  <context:annotation-config/>
  <bean class="com.yash.Employee" name="emp" autowire="byName">
</bean>
<bean class="com.yash.Address" name="address1">
<property name="street" value="location"></property>
<property name="city" value="Indore"></property>
</bean>
<bean class="com.yash.Address" name="address2">
<property name="street" value="location"></property>
<property name="city" value="Raigarh"></property>
</bean>
</beans>